
SET IDENTITY_INSERT [dbo].[fabricante] ON 
GO
INSERT [dbo].[fabricante] ([codigo], [nombre], [id_pais]) VALUES (1, N'Asusssssss', 1)
GO
INSERT [dbo].[fabricante] ([codigo], [nombre], [id_pais]) VALUES (2, N'Lenovo', NULL)
GO
INSERT [dbo].[fabricante] ([codigo], [nombre], [id_pais]) VALUES (3, N'Hewlett-Packard', 1)
GO
INSERT [dbo].[fabricante] ([codigo], [nombre], [id_pais]) VALUES (4, N'Samsung', 58)
GO
INSERT [dbo].[fabricante] ([codigo], [nombre], [id_pais]) VALUES (5, N'Seagate', 75)
GO
INSERT [dbo].[fabricante] ([codigo], [nombre], [id_pais]) VALUES (6, N'Crucial', 1)
GO
INSERT [dbo].[fabricante] ([codigo], [nombre], [id_pais]) VALUES (7, N'Gigabyte', NULL)
GO
INSERT [dbo].[fabricante] ([codigo], [nombre], [id_pais]) VALUES (8, N'Huawei', NULL)
GO
INSERT [dbo].[fabricante] ([codigo], [nombre], [id_pais]) VALUES (9, N'Xiaomi', NULL)
GO
INSERT [dbo].[fabricante] ([codigo], [nombre], [id_pais]) VALUES (11, N'Sony', 114)
GO
SET IDENTITY_INSERT [dbo].[fabricante] OFF
GO
INSERT [dbo].[pais] ([pk_id], [iso_num], [iso2], [nombre]) VALUES (1, 4, N'AF', N'Afganistán')
GO
INSERT [dbo].[pais] ([pk_id], [iso_num], [iso2], [nombre]) VALUES (2, 248, N'AX', N'Islas Gland')
GO
INSERT [dbo].[pais] ([pk_id], [iso_num], [iso2], [nombre]) VALUES (3, 8, N'AL', N'Albania')
GO
INSERT [dbo].[pais] ([pk_id], [iso_num], [iso2], [nombre]) VALUES (4, 276, N'DE', N'Alemania')
GO
INSERT [dbo].[pais] ([pk_id], [iso_num], [iso2], [nombre]) VALUES (5, 20, N'AD', N'Andorra')
GO
INSERT [dbo].[pais] ([pk_id], [iso_num], [iso2], [nombre]) VALUES (6, 24, N'AO', N'Angola')
GO
INSERT [dbo].[pais] ([pk_id], [iso_num], [iso2], [nombre]) VALUES (7, 660, N'AI', N'Anguilla')
GO
INSERT [dbo].[pais] ([pk_id], [iso_num], [iso2], [nombre]) VALUES (8, 10, N'AQ', N'Antártida')
GO
INSERT [dbo].[pais] ([pk_id], [iso_num], [iso2], [nombre]) VALUES (9, 28, N'AG', N'Antigua y Barbuda')
GO
INSERT [dbo].[pais] ([pk_id], [iso_num], [iso2], [nombre]) VALUES (10, 530, N'AN', N'Antillas Holandesas')
GO
INSERT [dbo].[pais] ([pk_id], [iso_num], [iso2], [nombre]) VALUES (11, 682, N'SA', N'Arabia Saudí')
GO
INSERT [dbo].[pais] ([pk_id], [iso_num], [iso2], [nombre]) VALUES (12, 12, N'DZ', N'Argelia')
GO
INSERT [dbo].[pais] ([pk_id], [iso_num], [iso2], [nombre]) VALUES (13, 32, N'AR', N'Argentina')
GO
INSERT [dbo].[pais] ([pk_id], [iso_num], [iso2], [nombre]) VALUES (14, 51, N'AM', N'Armenia')
GO
INSERT [dbo].[pais] ([pk_id], [iso_num], [iso2], [nombre]) VALUES (15, 533, N'AW', N'Aruba')
GO
INSERT [dbo].[pais] ([pk_id], [iso_num], [iso2], [nombre]) VALUES (16, 36, N'AU', N'Australia')
GO
INSERT [dbo].[pais] ([pk_id], [iso_num], [iso2], [nombre]) VALUES (17, 40, N'AT', N'Austria')
GO
INSERT [dbo].[pais] ([pk_id], [iso_num], [iso2], [nombre]) VALUES (18, 31, N'AZ', N'Azerbaiyán')
GO
INSERT [dbo].[pais] ([pk_id], [iso_num], [iso2], [nombre]) VALUES (19, 44, N'BS', N'Bahamas')
GO
INSERT [dbo].[pais] ([pk_id], [iso_num], [iso2], [nombre]) VALUES (20, 48, N'BH', N'Bahréin')
GO
INSERT [dbo].[pais] ([pk_id], [iso_num], [iso2], [nombre]) VALUES (21, 50, N'BD', N'Bangladesh')
GO
INSERT [dbo].[pais] ([pk_id], [iso_num], [iso2], [nombre]) VALUES (22, 52, N'BB', N'Barbados')
GO
INSERT [dbo].[pais] ([pk_id], [iso_num], [iso2], [nombre]) VALUES (23, 112, N'BY', N'Bielorrusia')
GO
INSERT [dbo].[pais] ([pk_id], [iso_num], [iso2], [nombre]) VALUES (24, 56, N'BE', N'Bélgica')
GO
INSERT [dbo].[pais] ([pk_id], [iso_num], [iso2], [nombre]) VALUES (25, 84, N'BZ', N'Belice')
GO
INSERT [dbo].[pais] ([pk_id], [iso_num], [iso2], [nombre]) VALUES (26, 204, N'BJ', N'Benin')
GO
INSERT [dbo].[pais] ([pk_id], [iso_num], [iso2], [nombre]) VALUES (27, 60, N'BM', N'Bermudas')
GO
INSERT [dbo].[pais] ([pk_id], [iso_num], [iso2], [nombre]) VALUES (28, 64, N'BT', N'Bhután')
GO
INSERT [dbo].[pais] ([pk_id], [iso_num], [iso2], [nombre]) VALUES (29, 68, N'BO', N'Bolivia')
GO
INSERT [dbo].[pais] ([pk_id], [iso_num], [iso2], [nombre]) VALUES (30, 70, N'BA', N'Bosnia y Herzegovina')
GO
INSERT [dbo].[pais] ([pk_id], [iso_num], [iso2], [nombre]) VALUES (31, 72, N'BW', N'Botsuana')
GO
INSERT [dbo].[pais] ([pk_id], [iso_num], [iso2], [nombre]) VALUES (32, 74, N'BV', N'Isla Bouvet')
GO
INSERT [dbo].[pais] ([pk_id], [iso_num], [iso2], [nombre]) VALUES (33, 76, N'BR', N'Brasil')
GO
INSERT [dbo].[pais] ([pk_id], [iso_num], [iso2], [nombre]) VALUES (34, 96, N'BN', N'Brunéi')
GO
INSERT [dbo].[pais] ([pk_id], [iso_num], [iso2], [nombre]) VALUES (35, 100, N'BG', N'Bulgaria')
GO
INSERT [dbo].[pais] ([pk_id], [iso_num], [iso2], [nombre]) VALUES (36, 854, N'BF', N'Burkina Faso')
GO
INSERT [dbo].[pais] ([pk_id], [iso_num], [iso2], [nombre]) VALUES (37, 108, N'BI', N'Burundi')
GO
INSERT [dbo].[pais] ([pk_id], [iso_num], [iso2], [nombre]) VALUES (38, 132, N'CV', N'Cabo Verde')
GO
INSERT [dbo].[pais] ([pk_id], [iso_num], [iso2], [nombre]) VALUES (39, 136, N'KY', N'Islas Caimán')
GO
INSERT [dbo].[pais] ([pk_id], [iso_num], [iso2], [nombre]) VALUES (40, 116, N'KH', N'Camboya')
GO
INSERT [dbo].[pais] ([pk_id], [iso_num], [iso2], [nombre]) VALUES (41, 120, N'CM', N'Camerún')
GO
INSERT [dbo].[pais] ([pk_id], [iso_num], [iso2], [nombre]) VALUES (42, 124, N'CA', N'Canadá')
GO
INSERT [dbo].[pais] ([pk_id], [iso_num], [iso2], [nombre]) VALUES (43, 140, N'CF', N'República Centroafricana')
GO
INSERT [dbo].[pais] ([pk_id], [iso_num], [iso2], [nombre]) VALUES (44, 148, N'TD', N'Chad')
GO
INSERT [dbo].[pais] ([pk_id], [iso_num], [iso2], [nombre]) VALUES (45, 203, N'CZ', N'República Checa')
GO
INSERT [dbo].[pais] ([pk_id], [iso_num], [iso2], [nombre]) VALUES (46, 152, N'CL', N'Chile')
GO
INSERT [dbo].[pais] ([pk_id], [iso_num], [iso2], [nombre]) VALUES (47, 156, N'CN', N'China')
GO
INSERT [dbo].[pais] ([pk_id], [iso_num], [iso2], [nombre]) VALUES (48, 196, N'CY', N'Chipre')
GO
INSERT [dbo].[pais] ([pk_id], [iso_num], [iso2], [nombre]) VALUES (49, 162, N'CX', N'Isla de Navidad')
GO
INSERT [dbo].[pais] ([pk_id], [iso_num], [iso2], [nombre]) VALUES (50, 336, N'VA', N'Ciudad del Vaticano')
GO
INSERT [dbo].[pais] ([pk_id], [iso_num], [iso2], [nombre]) VALUES (51, 166, N'CC', N'Islas Cocos')
GO
INSERT [dbo].[pais] ([pk_id], [iso_num], [iso2], [nombre]) VALUES (52, 170, N'CO', N'Colombia')
GO
INSERT [dbo].[pais] ([pk_id], [iso_num], [iso2], [nombre]) VALUES (53, 174, N'KM', N'Comoras')
GO
INSERT [dbo].[pais] ([pk_id], [iso_num], [iso2], [nombre]) VALUES (54, 180, N'CD', N'República Democrática del Congo')
GO
INSERT [dbo].[pais] ([pk_id], [iso_num], [iso2], [nombre]) VALUES (55, 178, N'CG', N'Congo')
GO
INSERT [dbo].[pais] ([pk_id], [iso_num], [iso2], [nombre]) VALUES (56, 184, N'CK', N'Islas Cook')
GO
INSERT [dbo].[pais] ([pk_id], [iso_num], [iso2], [nombre]) VALUES (57, 408, N'KP', N'Corea del Norte')
GO
INSERT [dbo].[pais] ([pk_id], [iso_num], [iso2], [nombre]) VALUES (58, 410, N'KR', N'Corea del Sur')
GO
INSERT [dbo].[pais] ([pk_id], [iso_num], [iso2], [nombre]) VALUES (59, 384, N'CI', N'Costa de Marfil')
GO
INSERT [dbo].[pais] ([pk_id], [iso_num], [iso2], [nombre]) VALUES (60, 188, N'CR', N'Costa Rica')
GO
INSERT [dbo].[pais] ([pk_id], [iso_num], [iso2], [nombre]) VALUES (61, 191, N'HR', N'Croacia')
GO
INSERT [dbo].[pais] ([pk_id], [iso_num], [iso2], [nombre]) VALUES (62, 192, N'CU', N'Cuba')
GO
INSERT [dbo].[pais] ([pk_id], [iso_num], [iso2], [nombre]) VALUES (63, 208, N'DK', N'Dinamarca')
GO
INSERT [dbo].[pais] ([pk_id], [iso_num], [iso2], [nombre]) VALUES (64, 212, N'DM', N'Dominica')
GO
INSERT [dbo].[pais] ([pk_id], [iso_num], [iso2], [nombre]) VALUES (65, 214, N'DO', N'República Dominicana')
GO
INSERT [dbo].[pais] ([pk_id], [iso_num], [iso2], [nombre]) VALUES (66, 218, N'EC', N'Ecuador')
GO
INSERT [dbo].[pais] ([pk_id], [iso_num], [iso2], [nombre]) VALUES (67, 818, N'EG', N'Egipto')
GO
INSERT [dbo].[pais] ([pk_id], [iso_num], [iso2], [nombre]) VALUES (68, 222, N'SV', N'El Salvador')
GO
INSERT [dbo].[pais] ([pk_id], [iso_num], [iso2], [nombre]) VALUES (69, 784, N'AE', N'Emiratos Árabes Unidos')
GO
INSERT [dbo].[pais] ([pk_id], [iso_num], [iso2], [nombre]) VALUES (70, 232, N'ER', N'Eritrea')
GO
INSERT [dbo].[pais] ([pk_id], [iso_num], [iso2], [nombre]) VALUES (71, 703, N'SK', N'Eslovaquia')
GO
INSERT [dbo].[pais] ([pk_id], [iso_num], [iso2], [nombre]) VALUES (72, 705, N'SI', N'Eslovenia')
GO
INSERT [dbo].[pais] ([pk_id], [iso_num], [iso2], [nombre]) VALUES (73, 724, N'ES', N'España')
GO
INSERT [dbo].[pais] ([pk_id], [iso_num], [iso2], [nombre]) VALUES (74, 581, N'UM', N'Islas ultramarinas de Estados Unidos')
GO
INSERT [dbo].[pais] ([pk_id], [iso_num], [iso2], [nombre]) VALUES (75, 840, N'US', N'Estados Unidos')
GO
INSERT [dbo].[pais] ([pk_id], [iso_num], [iso2], [nombre]) VALUES (76, 233, N'EE', N'Estonia')
GO
INSERT [dbo].[pais] ([pk_id], [iso_num], [iso2], [nombre]) VALUES (77, 231, N'ET', N'Etiopía')
GO
INSERT [dbo].[pais] ([pk_id], [iso_num], [iso2], [nombre]) VALUES (78, 234, N'FO', N'Islas Feroe')
GO
INSERT [dbo].[pais] ([pk_id], [iso_num], [iso2], [nombre]) VALUES (79, 608, N'PH', N'Filipinas')
GO
INSERT [dbo].[pais] ([pk_id], [iso_num], [iso2], [nombre]) VALUES (80, 246, N'FI', N'Finlandia')
GO
INSERT [dbo].[pais] ([pk_id], [iso_num], [iso2], [nombre]) VALUES (81, 242, N'FJ', N'Fiyi')
GO
INSERT [dbo].[pais] ([pk_id], [iso_num], [iso2], [nombre]) VALUES (82, 250, N'FR', N'Francia')
GO
INSERT [dbo].[pais] ([pk_id], [iso_num], [iso2], [nombre]) VALUES (83, 266, N'GA', N'Gabón')
GO
INSERT [dbo].[pais] ([pk_id], [iso_num], [iso2], [nombre]) VALUES (84, 270, N'GM', N'Gambia')
GO
INSERT [dbo].[pais] ([pk_id], [iso_num], [iso2], [nombre]) VALUES (85, 268, N'GE', N'Georgia')
GO
INSERT [dbo].[pais] ([pk_id], [iso_num], [iso2], [nombre]) VALUES (86, 239, N'GS', N'Islas Georgias del Sur y Sandwich del Sur')
GO
INSERT [dbo].[pais] ([pk_id], [iso_num], [iso2], [nombre]) VALUES (87, 288, N'GH', N'Ghana')
GO
INSERT [dbo].[pais] ([pk_id], [iso_num], [iso2], [nombre]) VALUES (88, 292, N'GI', N'Gibraltar')
GO
INSERT [dbo].[pais] ([pk_id], [iso_num], [iso2], [nombre]) VALUES (89, 308, N'GD', N'Granada')
GO
INSERT [dbo].[pais] ([pk_id], [iso_num], [iso2], [nombre]) VALUES (90, 300, N'GR', N'Grecia')
GO
INSERT [dbo].[pais] ([pk_id], [iso_num], [iso2], [nombre]) VALUES (91, 304, N'GL', N'Groenlandia')
GO
INSERT [dbo].[pais] ([pk_id], [iso_num], [iso2], [nombre]) VALUES (92, 312, N'GP', N'Guadalupe')
GO
INSERT [dbo].[pais] ([pk_id], [iso_num], [iso2], [nombre]) VALUES (93, 316, N'GU', N'Guam')
GO
INSERT [dbo].[pais] ([pk_id], [iso_num], [iso2], [nombre]) VALUES (94, 320, N'GT', N'Guatemala')
GO
INSERT [dbo].[pais] ([pk_id], [iso_num], [iso2], [nombre]) VALUES (95, 254, N'GF', N'Guayana Francesa')
GO
INSERT [dbo].[pais] ([pk_id], [iso_num], [iso2], [nombre]) VALUES (96, 324, N'GN', N'Guinea')
GO
INSERT [dbo].[pais] ([pk_id], [iso_num], [iso2], [nombre]) VALUES (97, 226, N'GQ', N'Guinea Ecuatorial')
GO
INSERT [dbo].[pais] ([pk_id], [iso_num], [iso2], [nombre]) VALUES (98, 624, N'GW', N'Guinea-Bissau')
GO
INSERT [dbo].[pais] ([pk_id], [iso_num], [iso2], [nombre]) VALUES (99, 328, N'GY', N'Guyana')
GO
INSERT [dbo].[pais] ([pk_id], [iso_num], [iso2], [nombre]) VALUES (100, 332, N'HT', N'Haití')
GO
INSERT [dbo].[pais] ([pk_id], [iso_num], [iso2], [nombre]) VALUES (101, 334, N'HM', N'Islas Heard y McDonald')
GO
INSERT [dbo].[pais] ([pk_id], [iso_num], [iso2], [nombre]) VALUES (102, 340, N'HN', N'Honduras')
GO
INSERT [dbo].[pais] ([pk_id], [iso_num], [iso2], [nombre]) VALUES (103, 344, N'HK', N'Hong Kong')
GO
INSERT [dbo].[pais] ([pk_id], [iso_num], [iso2], [nombre]) VALUES (104, 348, N'HU', N'Hungría')
GO
INSERT [dbo].[pais] ([pk_id], [iso_num], [iso2], [nombre]) VALUES (105, 356, N'IN', N'India')
GO
INSERT [dbo].[pais] ([pk_id], [iso_num], [iso2], [nombre]) VALUES (106, 360, N'ID', N'Indonesia')
GO
INSERT [dbo].[pais] ([pk_id], [iso_num], [iso2], [nombre]) VALUES (107, 364, N'IR', N'Irán')
GO
INSERT [dbo].[pais] ([pk_id], [iso_num], [iso2], [nombre]) VALUES (108, 368, N'IQ', N'Iraq')
GO
INSERT [dbo].[pais] ([pk_id], [iso_num], [iso2], [nombre]) VALUES (109, 372, N'IE', N'Irlanda')
GO
INSERT [dbo].[pais] ([pk_id], [iso_num], [iso2], [nombre]) VALUES (110, 352, N'IS', N'Islandia')
GO
INSERT [dbo].[pais] ([pk_id], [iso_num], [iso2], [nombre]) VALUES (111, 376, N'IL', N'Israel')
GO
INSERT [dbo].[pais] ([pk_id], [iso_num], [iso2], [nombre]) VALUES (112, 380, N'IT', N'Italia')
GO
INSERT [dbo].[pais] ([pk_id], [iso_num], [iso2], [nombre]) VALUES (113, 388, N'JM', N'Jamaica')
GO
INSERT [dbo].[pais] ([pk_id], [iso_num], [iso2], [nombre]) VALUES (114, 392, N'JP', N'Japón')
GO
INSERT [dbo].[pais] ([pk_id], [iso_num], [iso2], [nombre]) VALUES (115, 400, N'JO', N'Jordania')
GO
INSERT [dbo].[pais] ([pk_id], [iso_num], [iso2], [nombre]) VALUES (116, 398, N'KZ', N'Kazajstán')
GO
INSERT [dbo].[pais] ([pk_id], [iso_num], [iso2], [nombre]) VALUES (117, 404, N'KE', N'Kenia')
GO
INSERT [dbo].[pais] ([pk_id], [iso_num], [iso2], [nombre]) VALUES (118, 417, N'KG', N'Kirguistán')
GO
INSERT [dbo].[pais] ([pk_id], [iso_num], [iso2], [nombre]) VALUES (119, 296, N'KI', N'Kiribati')
GO
INSERT [dbo].[pais] ([pk_id], [iso_num], [iso2], [nombre]) VALUES (120, 414, N'KW', N'Kuwait')
GO
INSERT [dbo].[pais] ([pk_id], [iso_num], [iso2], [nombre]) VALUES (121, 418, N'LA', N'Laos')
GO
INSERT [dbo].[pais] ([pk_id], [iso_num], [iso2], [nombre]) VALUES (122, 426, N'LS', N'Lesotho')
GO
INSERT [dbo].[pais] ([pk_id], [iso_num], [iso2], [nombre]) VALUES (123, 428, N'LV', N'Letonia')
GO
INSERT [dbo].[pais] ([pk_id], [iso_num], [iso2], [nombre]) VALUES (124, 422, N'LB', N'Líbano')
GO
INSERT [dbo].[pais] ([pk_id], [iso_num], [iso2], [nombre]) VALUES (125, 430, N'LR', N'Liberia')
GO
INSERT [dbo].[pais] ([pk_id], [iso_num], [iso2], [nombre]) VALUES (126, 434, N'LY', N'Libia')
GO
INSERT [dbo].[pais] ([pk_id], [iso_num], [iso2], [nombre]) VALUES (127, 438, N'LI', N'Liechtenstein')
GO
INSERT [dbo].[pais] ([pk_id], [iso_num], [iso2], [nombre]) VALUES (128, 440, N'LT', N'Lituania')
GO
INSERT [dbo].[pais] ([pk_id], [iso_num], [iso2], [nombre]) VALUES (129, 442, N'LU', N'Luxemburgo')
GO
INSERT [dbo].[pais] ([pk_id], [iso_num], [iso2], [nombre]) VALUES (130, 446, N'MO', N'Macao')
GO
INSERT [dbo].[pais] ([pk_id], [iso_num], [iso2], [nombre]) VALUES (131, 807, N'MK', N'ARY Macedonia')
GO
INSERT [dbo].[pais] ([pk_id], [iso_num], [iso2], [nombre]) VALUES (132, 450, N'MG', N'Madagascar')
GO
INSERT [dbo].[pais] ([pk_id], [iso_num], [iso2], [nombre]) VALUES (133, 458, N'MY', N'Malasia')
GO
INSERT [dbo].[pais] ([pk_id], [iso_num], [iso2], [nombre]) VALUES (134, 454, N'MW', N'Malawi')
GO
INSERT [dbo].[pais] ([pk_id], [iso_num], [iso2], [nombre]) VALUES (135, 462, N'MV', N'Maldivas')
GO
INSERT [dbo].[pais] ([pk_id], [iso_num], [iso2], [nombre]) VALUES (136, 466, N'ML', N'Malí')
GO
INSERT [dbo].[pais] ([pk_id], [iso_num], [iso2], [nombre]) VALUES (137, 470, N'MT', N'Malta')
GO
INSERT [dbo].[pais] ([pk_id], [iso_num], [iso2], [nombre]) VALUES (138, 238, N'FK', N'Islas Malvinas')
GO
INSERT [dbo].[pais] ([pk_id], [iso_num], [iso2], [nombre]) VALUES (139, 580, N'MP', N'Islas Marianas del Norte')
GO
INSERT [dbo].[pais] ([pk_id], [iso_num], [iso2], [nombre]) VALUES (140, 504, N'MA', N'Marruecos')
GO
INSERT [dbo].[pais] ([pk_id], [iso_num], [iso2], [nombre]) VALUES (141, 584, N'MH', N'Islas Marshall')
GO
INSERT [dbo].[pais] ([pk_id], [iso_num], [iso2], [nombre]) VALUES (142, 474, N'MQ', N'Martinica')
GO
INSERT [dbo].[pais] ([pk_id], [iso_num], [iso2], [nombre]) VALUES (143, 480, N'MU', N'Mauricio')
GO
INSERT [dbo].[pais] ([pk_id], [iso_num], [iso2], [nombre]) VALUES (144, 478, N'MR', N'Mauritania')
GO
INSERT [dbo].[pais] ([pk_id], [iso_num], [iso2], [nombre]) VALUES (145, 175, N'YT', N'Mayotte')
GO
INSERT [dbo].[pais] ([pk_id], [iso_num], [iso2], [nombre]) VALUES (146, 484, N'MX', N'México')
GO
INSERT [dbo].[pais] ([pk_id], [iso_num], [iso2], [nombre]) VALUES (147, 583, N'FM', N'Micronesia')
GO
INSERT [dbo].[pais] ([pk_id], [iso_num], [iso2], [nombre]) VALUES (148, 498, N'MD', N'Moldavia')
GO
INSERT [dbo].[pais] ([pk_id], [iso_num], [iso2], [nombre]) VALUES (149, 492, N'MC', N'Mónaco')
GO
INSERT [dbo].[pais] ([pk_id], [iso_num], [iso2], [nombre]) VALUES (150, 496, N'MN', N'Mongolia')
GO
INSERT [dbo].[pais] ([pk_id], [iso_num], [iso2], [nombre]) VALUES (151, 500, N'MS', N'Montserrat')
GO
INSERT [dbo].[pais] ([pk_id], [iso_num], [iso2], [nombre]) VALUES (152, 508, N'MZ', N'Mozambique')
GO
INSERT [dbo].[pais] ([pk_id], [iso_num], [iso2], [nombre]) VALUES (153, 104, N'MM', N'Myanmar')
GO
INSERT [dbo].[pais] ([pk_id], [iso_num], [iso2], [nombre]) VALUES (154, 516, N'NA', N'Namibia')
GO
INSERT [dbo].[pais] ([pk_id], [iso_num], [iso2], [nombre]) VALUES (155, 520, N'NR', N'Nauru')
GO
INSERT [dbo].[pais] ([pk_id], [iso_num], [iso2], [nombre]) VALUES (156, 524, N'NP', N'Nepal')
GO
INSERT [dbo].[pais] ([pk_id], [iso_num], [iso2], [nombre]) VALUES (157, 558, N'NI', N'Nicaragua')
GO
INSERT [dbo].[pais] ([pk_id], [iso_num], [iso2], [nombre]) VALUES (158, 562, N'NE', N'Níger')
GO
INSERT [dbo].[pais] ([pk_id], [iso_num], [iso2], [nombre]) VALUES (159, 566, N'NG', N'Nigeria')
GO
INSERT [dbo].[pais] ([pk_id], [iso_num], [iso2], [nombre]) VALUES (160, 570, N'NU', N'Niue')
GO
INSERT [dbo].[pais] ([pk_id], [iso_num], [iso2], [nombre]) VALUES (161, 574, N'NF', N'Isla Norfolk')
GO
INSERT [dbo].[pais] ([pk_id], [iso_num], [iso2], [nombre]) VALUES (162, 578, N'NO', N'Noruega')
GO
INSERT [dbo].[pais] ([pk_id], [iso_num], [iso2], [nombre]) VALUES (163, 540, N'NC', N'Nueva Caledonia')
GO
INSERT [dbo].[pais] ([pk_id], [iso_num], [iso2], [nombre]) VALUES (164, 554, N'NZ', N'Nueva Zelanda')
GO
INSERT [dbo].[pais] ([pk_id], [iso_num], [iso2], [nombre]) VALUES (165, 512, N'OM', N'Omán')
GO
INSERT [dbo].[pais] ([pk_id], [iso_num], [iso2], [nombre]) VALUES (166, 528, N'NL', N'Países Bajos')
GO
INSERT [dbo].[pais] ([pk_id], [iso_num], [iso2], [nombre]) VALUES (167, 586, N'PK', N'Pakistán')
GO
INSERT [dbo].[pais] ([pk_id], [iso_num], [iso2], [nombre]) VALUES (168, 585, N'PW', N'Palau')
GO
INSERT [dbo].[pais] ([pk_id], [iso_num], [iso2], [nombre]) VALUES (169, 275, N'PS', N'Palestina')
GO
INSERT [dbo].[pais] ([pk_id], [iso_num], [iso2], [nombre]) VALUES (170, 591, N'PA', N'Panamá')
GO
INSERT [dbo].[pais] ([pk_id], [iso_num], [iso2], [nombre]) VALUES (171, 598, N'PG', N'Papúa Nueva Guinea')
GO
INSERT [dbo].[pais] ([pk_id], [iso_num], [iso2], [nombre]) VALUES (172, 600, N'PY', N'Paraguay')
GO
INSERT [dbo].[pais] ([pk_id], [iso_num], [iso2], [nombre]) VALUES (173, 604, N'PE', N'Perú')
GO
INSERT [dbo].[pais] ([pk_id], [iso_num], [iso2], [nombre]) VALUES (174, 612, N'PN', N'Islas Pitcairn')
GO
INSERT [dbo].[pais] ([pk_id], [iso_num], [iso2], [nombre]) VALUES (175, 258, N'PF', N'Polinesia Francesa')
GO
INSERT [dbo].[pais] ([pk_id], [iso_num], [iso2], [nombre]) VALUES (176, 616, N'PL', N'Polonia')
GO
INSERT [dbo].[pais] ([pk_id], [iso_num], [iso2], [nombre]) VALUES (177, 620, N'PT', N'Portugal')
GO
INSERT [dbo].[pais] ([pk_id], [iso_num], [iso2], [nombre]) VALUES (178, 630, N'PR', N'Puerto Rico')
GO
INSERT [dbo].[pais] ([pk_id], [iso_num], [iso2], [nombre]) VALUES (179, 634, N'QA', N'Qatar')
GO
INSERT [dbo].[pais] ([pk_id], [iso_num], [iso2], [nombre]) VALUES (180, 826, N'GB', N'Reino Unido')
GO
INSERT [dbo].[pais] ([pk_id], [iso_num], [iso2], [nombre]) VALUES (181, 638, N'RE', N'Reunión')
GO
INSERT [dbo].[pais] ([pk_id], [iso_num], [iso2], [nombre]) VALUES (182, 646, N'RW', N'Ruanda')
GO
INSERT [dbo].[pais] ([pk_id], [iso_num], [iso2], [nombre]) VALUES (183, 642, N'RO', N'Rumania')
GO
INSERT [dbo].[pais] ([pk_id], [iso_num], [iso2], [nombre]) VALUES (184, 643, N'RU', N'Rusia')
GO
INSERT [dbo].[pais] ([pk_id], [iso_num], [iso2], [nombre]) VALUES (185, 732, N'EH', N'Sahara Occidental')
GO
INSERT [dbo].[pais] ([pk_id], [iso_num], [iso2], [nombre]) VALUES (186, 90, N'SB', N'Islas Salomón')
GO
INSERT [dbo].[pais] ([pk_id], [iso_num], [iso2], [nombre]) VALUES (187, 882, N'WS', N'Samoa')
GO
INSERT [dbo].[pais] ([pk_id], [iso_num], [iso2], [nombre]) VALUES (188, 16, N'AS', N'Samoa Americana')
GO
INSERT [dbo].[pais] ([pk_id], [iso_num], [iso2], [nombre]) VALUES (189, 659, N'KN', N'San Cristóbal y Nevis')
GO
INSERT [dbo].[pais] ([pk_id], [iso_num], [iso2], [nombre]) VALUES (190, 674, N'SM', N'San Marino')
GO
INSERT [dbo].[pais] ([pk_id], [iso_num], [iso2], [nombre]) VALUES (191, 666, N'PM', N'San Pedro y Miquelón')
GO
INSERT [dbo].[pais] ([pk_id], [iso_num], [iso2], [nombre]) VALUES (192, 670, N'VC', N'San Vicente y las Granadinas')
GO
INSERT [dbo].[pais] ([pk_id], [iso_num], [iso2], [nombre]) VALUES (193, 654, N'SH', N'Santa Helena')
GO
INSERT [dbo].[pais] ([pk_id], [iso_num], [iso2], [nombre]) VALUES (194, 662, N'LC', N'Santa Lucía')
GO
INSERT [dbo].[pais] ([pk_id], [iso_num], [iso2], [nombre]) VALUES (195, 678, N'ST', N'Santo Tomé y Príncipe')
GO
INSERT [dbo].[pais] ([pk_id], [iso_num], [iso2], [nombre]) VALUES (196, 686, N'SN', N'Senegal')
GO
INSERT [dbo].[pais] ([pk_id], [iso_num], [iso2], [nombre]) VALUES (197, 891, N'CS', N'Serbia y Montenegro')
GO
INSERT [dbo].[pais] ([pk_id], [iso_num], [iso2], [nombre]) VALUES (198, 690, N'SC', N'Seychelles')
GO
INSERT [dbo].[pais] ([pk_id], [iso_num], [iso2], [nombre]) VALUES (199, 694, N'SL', N'Sierra Leona')
GO
INSERT [dbo].[pais] ([pk_id], [iso_num], [iso2], [nombre]) VALUES (200, 702, N'SG', N'Singapur')
GO
INSERT [dbo].[pais] ([pk_id], [iso_num], [iso2], [nombre]) VALUES (201, 760, N'SY', N'Siria')
GO
INSERT [dbo].[pais] ([pk_id], [iso_num], [iso2], [nombre]) VALUES (202, 706, N'SO', N'Somalia')
GO
INSERT [dbo].[pais] ([pk_id], [iso_num], [iso2], [nombre]) VALUES (203, 144, N'LK', N'Sri Lanka')
GO
INSERT [dbo].[pais] ([pk_id], [iso_num], [iso2], [nombre]) VALUES (204, 748, N'SZ', N'Suazilandia')
GO
INSERT [dbo].[pais] ([pk_id], [iso_num], [iso2], [nombre]) VALUES (205, 710, N'ZA', N'Sudáfrica')
GO
INSERT [dbo].[pais] ([pk_id], [iso_num], [iso2], [nombre]) VALUES (206, 736, N'SD', N'Sudán')
GO
INSERT [dbo].[pais] ([pk_id], [iso_num], [iso2], [nombre]) VALUES (207, 752, N'SE', N'Suecia')
GO
INSERT [dbo].[pais] ([pk_id], [iso_num], [iso2], [nombre]) VALUES (208, 756, N'CH', N'Suiza')
GO
INSERT [dbo].[pais] ([pk_id], [iso_num], [iso2], [nombre]) VALUES (209, 740, N'SR', N'Surinam')
GO
INSERT [dbo].[pais] ([pk_id], [iso_num], [iso2], [nombre]) VALUES (210, 744, N'SJ', N'Svalbard y Jan Mayen')
GO
INSERT [dbo].[pais] ([pk_id], [iso_num], [iso2], [nombre]) VALUES (211, 764, N'TH', N'Tailandia')
GO
INSERT [dbo].[pais] ([pk_id], [iso_num], [iso2], [nombre]) VALUES (212, 158, N'TW', N'Taiwán')
GO
INSERT [dbo].[pais] ([pk_id], [iso_num], [iso2], [nombre]) VALUES (213, 834, N'TZ', N'Tanzania')
GO
INSERT [dbo].[pais] ([pk_id], [iso_num], [iso2], [nombre]) VALUES (214, 762, N'TJ', N'Tayikistán')
GO
INSERT [dbo].[pais] ([pk_id], [iso_num], [iso2], [nombre]) VALUES (215, 86, N'IO', N'Territorio Británico del Océano Índico')
GO
INSERT [dbo].[pais] ([pk_id], [iso_num], [iso2], [nombre]) VALUES (216, 260, N'TF', N'Territorios Australes Franceses')
GO
INSERT [dbo].[pais] ([pk_id], [iso_num], [iso2], [nombre]) VALUES (217, 626, N'TL', N'Timor Oriental')
GO
INSERT [dbo].[pais] ([pk_id], [iso_num], [iso2], [nombre]) VALUES (218, 768, N'TG', N'Togo')
GO
INSERT [dbo].[pais] ([pk_id], [iso_num], [iso2], [nombre]) VALUES (219, 772, N'TK', N'Tokelau')
GO
INSERT [dbo].[pais] ([pk_id], [iso_num], [iso2], [nombre]) VALUES (220, 776, N'TO', N'Tonga')
GO
INSERT [dbo].[pais] ([pk_id], [iso_num], [iso2], [nombre]) VALUES (221, 780, N'TT', N'Trinidad y Tobago')
GO
INSERT [dbo].[pais] ([pk_id], [iso_num], [iso2], [nombre]) VALUES (222, 788, N'TN', N'Túnez')
GO
INSERT [dbo].[pais] ([pk_id], [iso_num], [iso2], [nombre]) VALUES (223, 796, N'TC', N'Islas Turcas y Caicos')
GO
INSERT [dbo].[pais] ([pk_id], [iso_num], [iso2], [nombre]) VALUES (224, 795, N'TM', N'Turkmenistán')
GO
INSERT [dbo].[pais] ([pk_id], [iso_num], [iso2], [nombre]) VALUES (225, 792, N'TR', N'Turquía')
GO
INSERT [dbo].[pais] ([pk_id], [iso_num], [iso2], [nombre]) VALUES (226, 798, N'TV', N'Tuvalu')
GO
INSERT [dbo].[pais] ([pk_id], [iso_num], [iso2], [nombre]) VALUES (227, 804, N'UA', N'Ucrania')
GO
INSERT [dbo].[pais] ([pk_id], [iso_num], [iso2], [nombre]) VALUES (228, 800, N'UG', N'Uganda')
GO
INSERT [dbo].[pais] ([pk_id], [iso_num], [iso2], [nombre]) VALUES (229, 858, N'UY', N'Uruguay')
GO
INSERT [dbo].[pais] ([pk_id], [iso_num], [iso2], [nombre]) VALUES (230, 860, N'UZ', N'Uzbekistán')
GO
INSERT [dbo].[pais] ([pk_id], [iso_num], [iso2], [nombre]) VALUES (231, 548, N'VU', N'Vanuatu')
GO
INSERT [dbo].[pais] ([pk_id], [iso_num], [iso2], [nombre]) VALUES (232, 862, N'VE', N'Venezuela')
GO
INSERT [dbo].[pais] ([pk_id], [iso_num], [iso2], [nombre]) VALUES (233, 704, N'VN', N'Vietnam')
GO
INSERT [dbo].[pais] ([pk_id], [iso_num], [iso2], [nombre]) VALUES (234, 92, N'VG', N'Islas Vírgenes Británicas')
GO
INSERT [dbo].[pais] ([pk_id], [iso_num], [iso2], [nombre]) VALUES (235, 850, N'VI', N'Islas Vírgenes de los Estados Unidos')
GO
INSERT [dbo].[pais] ([pk_id], [iso_num], [iso2], [nombre]) VALUES (236, 876, N'WF', N'Wallis y Futuna')
GO
INSERT [dbo].[pais] ([pk_id], [iso_num], [iso2], [nombre]) VALUES (237, 887, N'YE', N'Yemen')
GO
INSERT [dbo].[pais] ([pk_id], [iso_num], [iso2], [nombre]) VALUES (238, 262, N'DJ', N'Yibuti')
GO
INSERT [dbo].[pais] ([pk_id], [iso_num], [iso2], [nombre]) VALUES (239, 894, N'ZM', N'Zambia')
GO
INSERT [dbo].[pais] ([pk_id], [iso_num], [iso2], [nombre]) VALUES (240, 716, N'ZW', N'Zimbabue')
GO
SET IDENTITY_INSERT [dbo].[producto] ON 
GO
INSERT [dbo].[producto] ([codigo], [nombre], [precio], [codigo_fabricante]) VALUES (1, N'Disco duro SATA3 1TB', 86.99, 5)
GO
INSERT [dbo].[producto] ([codigo], [nombre], [precio], [codigo_fabricante]) VALUES (2, N'Memoria RAM DDR4 8GB', 120, 6)
GO
INSERT [dbo].[producto] ([codigo], [nombre], [precio], [codigo_fabricante]) VALUES (3, N'Disco SSD 1 TB', 150.99, 4)
GO
INSERT [dbo].[producto] ([codigo], [nombre], [precio], [codigo_fabricante]) VALUES (4, N'GeForce GTX 1050Ti', 185, 7)
GO
INSERT [dbo].[producto] ([codigo], [nombre], [precio], [codigo_fabricante]) VALUES (5, N'GeForce GTX 1080 Xtreme', 755, 6)
GO
INSERT [dbo].[producto] ([codigo], [nombre], [precio], [codigo_fabricante]) VALUES (6, N'Monitor 24 LED Full HD', 202, 1)
GO
INSERT [dbo].[producto] ([codigo], [nombre], [precio], [codigo_fabricante]) VALUES (7, N'Monitor 27 LED Full HD', 245.99, 1)
GO
INSERT [dbo].[producto] ([codigo], [nombre], [precio], [codigo_fabricante]) VALUES (8, N'Portátil Yoga 520', 559, 2)
GO
INSERT [dbo].[producto] ([codigo], [nombre], [precio], [codigo_fabricante]) VALUES (9, N'Portátil Ideapd 320', 444, 2)
GO
INSERT [dbo].[producto] ([codigo], [nombre], [precio], [codigo_fabricante]) VALUES (10, N'Impresora HP Deskjet 3720', 59.99, 3)
GO
INSERT [dbo].[producto] ([codigo], [nombre], [precio], [codigo_fabricante]) VALUES (11, N'Impresora HP Laserjet Pro M26nw', 180, 3)
GO
SET IDENTITY_INSERT [dbo].[producto] OFF
GO
ALTER TABLE [dbo].[producto]  WITH CHECK ADD FOREIGN KEY([codigo_fabricante])
REFERENCES [dbo].[fabricante] ([codigo])
GO

